id,name,type1,type2,hp,attack,defense,special-attack,special-defense,speed
1.0,bulbasaur,grass,poison,45,49,49,65,65,45
2.0,ivysaur,grass,poison,60,62,63,80,80,60
3.0,venusaur,grass,poison,80,82,83,100,100,80
4.0,charmander,fire,,39,52,43,60,50,65
5.0,charmeleon,fire,,58,64,58,80,65,80
6.0,charizard,fire,flying,78,84,78,109,85,100
7.0,squirtle,water,,44,48,65,50,64,43
8.0,wartortle,water,,59,63,80,65,80,58
9.0,blastoise,water,,79,83,100,85,105,78
10.0,caterpie,bug,,45,30,35,20,20,45
11.0,metapod,bug,,50,20,55,25,25,30
12.0,butterfree,bug,flying,60,45,50,90,80,70
13.0,weedle,bug,poison,40,35,30,20,20,50
14.0,kakuna,bug,poison,45,25,50,25,25,35
15.0,beedrill,bug,poison,65,90,40,45,80,75
16.0,pidgey,normal,flying,40,45,40,35,35,56
17.0,pidgeotto,normal,flying,63,60,55,50,50,71
18.0,pidgeot,normal,flying,83,80,75,70,70,101
19.0,rattata,normal,,30,56,35,25,35,72
20.0,raticate,normal,,55,81,60,50,70,97
21.0,spearow,normal,flying,40,60,30,31,31,70
22.0,fearow,normal,flying,65,90,65,61,61,100
23.0,ekans,poison,,35,60,44,40,54,55
24.0,arbok,poison,,60,95,69,65,79,80
25.0,pikachu,electric,,35,55,40,50,50,90
26.0,raichu,electric,,60,90,55,90,80,110
27.0,sandshrew,ground,,50,75,85,20,30,40
28.0,sandslash,ground,,75,100,110,45,55,65
29.0,nidoran-f,poison,,55,47,52,40,40,41
30.0,nidorina,poison,,70,62,67,55,55,56
31.0,nidoqueen,poison,ground,90,92,87,75,85,76
32.0,nidoran-m,poison,,46,57,40,40,40,50
33.0,nidorino,poison,,61,72,57,55,55,65
34.0,nidoking,poison,ground,81,102,77,85,75,85
35.0,clefairy,fairy,,70,45,48,60,65,35
36.0,clefable,fairy,,95,70,73,95,90,60
37.0,vulpix,fire,,38,41,40,50,65,65
38.0,ninetales,fire,,73,76,75,81,100,100
39.0,jigglypuff,normal,fairy,115,45,20,45,25,20
40.0,wigglytuff,normal,fairy,140,70,45,85,50,45
41.0,zubat,poison,flying,40,45,35,30,40,55
42.0,golbat,poison,flying,75,80,70,65,75,90
43.0,oddish,grass,poison,45,50,55,75,65,30
44.0,gloom,grass,poison,60,65,70,85,75,40
45.0,vileplume,grass,poison,75,80,85,110,90,50
46.0,paras,bug,grass,35,70,55,45,55,25
47.0,parasect,bug,grass,60,95,80,60,80,30
48.0,venonat,bug,poison,60,55,50,40,55,45
49.0,venomoth,bug,poison,70,65,60,90,75,90
50.0,diglett,ground,,10,55,25,35,45,95
51.0,dugtrio,ground,,35,100,50,50,70,120
52.0,meowth,normal,,40,45,35,40,40,90
53.0,persian,normal,,65,70,60,65,65,115
54.0,psyduck,water,,50,52,48,65,50,55
55.0,golduck,water,,80,82,78,95,80,85
56.0,mankey,fighting,,40,80,35,35,45,70
57.0,primeape,fighting,,65,105,60,60,70,95
58.0,growlithe,fire,,55,70,45,70,50,60
59.0,arcanine,fire,,90,110,80,100,80,95
60.0,poliwag,water,,40,50,40,40,40,90
61.0,poliwhirl,water,,65,65,65,50,50,90
62.0,poliwrath,water,fighting,90,95,95,70,90,70
63.0,abra,psychic,,25,20,15,105,55,90
64.0,kadabra,psychic,,40,35,30,120,70,105
65.0,alakazam,psychic,,55,50,45,135,95,120
66.0,machop,fighting,,70,80,50,35,35,35
67.0,machoke,fighting,,80,100,70,50,60,45
68.0,machamp,fighting,,90,130,80,65,85,55
69.0,bellsprout,grass,poison,50,75,35,70,30,40
70.0,weepinbell,grass,poison,65,90,50,85,45,55
71.0,victreebel,grass,poison,80,105,65,100,70,70
72.0,tentacool,water,poison,40,40,35,50,100,70
73.0,tentacruel,water,poison,80,70,65,80,120,100
74.0,geodude,rock,ground,40,80,100,30,30,20
75.0,graveler,rock,ground,55,95,115,45,45,35
76.0,golem,rock,ground,80,120,130,55,65,45
77.0,ponyta,fire,,50,85,55,65,65,90
78.0,rapidash,fire,,65,100,70,80,80,105
79.0,slowpoke,water,psychic,90,65,65,40,40,15
80.0,slowbro,water,psychic,95,75,110,100,80,30
81.0,magnemite,electric,steel,25,35,70,95,55,45
82.0,magneton,electric,steel,50,60,95,120,70,70
83.0,farfetchd,normal,flying,52,90,55,58,62,60
84.0,doduo,normal,flying,35,85,45,35,35,75
85.0,dodrio,normal,flying,60,110,70,60,60,110
86.0,seel,water,,65,45,55,45,70,45
87.0,dewgong,water,ice,90,70,80,70,95,70
88.0,grimer,poison,,80,80,50,40,50,25
89.0,muk,poison,,105,105,75,65,100,50
90.0,shellder,water,,30,65,100,45,25,40
91.0,cloyster,water,ice,50,95,180,85,45,70
92.0,gastly,ghost,poison,30,35,30,100,35,80
93.0,haunter,ghost,poison,45,50,45,115,55,95
94.0,gengar,ghost,poison,60,65,60,130,75,110
95.0,onix,rock,ground,35,45,160,30,45,70
96.0,drowzee,psychic,,60,48,45,43,90,42
97.0,hypno,psychic,,85,73,70,73,115,67
98.0,krabby,water,,30,105,90,25,25,50
99.0,kingler,water,,55,130,115,50,50,75
100.0,voltorb,electric,,40,30,50,55,55,100
101.0,electrode,electric,,60,50,70,80,80,150
102.0,exeggcute,grass,psychic,60,40,80,60,45,40
103.0,exeggutor,grass,psychic,95,95,85,125,75,55
104.0,cubone,ground,,50,50,95,40,50,35
105.0,marowak,ground,,60,80,110,50,80,45
106.0,hitmonlee,fighting,,50,120,53,35,110,87
107.0,hitmonchan,fighting,,50,105,79,35,110,76
108.0,lickitung,normal,,90,55,75,60,75,30
109.0,koffing,poison,,40,65,95,60,45,35
110.0,weezing,poison,,65,90,120,85,70,60
111.0,rhyhorn,ground,rock,80,85,95,30,30,25
112.0,rhydon,ground,rock,105,130,120,45,45,40
113.0,chansey,normal,,250,5,5,35,105,50
114.0,tangela,grass,,65,55,115,100,40,60
115.0,kangaskhan,normal,,105,95,80,40,80,90
116.0,horsea,water,,30,40,70,70,25,60
117.0,seadra,water,,55,65,95,95,45,85
118.0,goldeen,water,,45,67,60,35,50,63
119.0,seaking,water,,80,92,65,65,80,68
120.0,staryu,water,,30,45,55,70,55,85
121.0,starmie,water,psychic,60,75,85,100,85,115
122.0,mr-mime,psychic,fairy,40,45,65,100,120,90
123.0,scyther,bug,flying,70,110,80,55,80,105
124.0,jynx,ice,psychic,65,50,35,115,95,95
125.0,electabuzz,electric,,65,83,57,95,85,105
126.0,magmar,fire,,65,95,57,100,85,93
127.0,pinsir,bug,,65,125,100,55,70,85
128.0,tauros,normal,,75,100,95,40,70,110
129.0,magikarp,water,,20,10,55,15,20,80
130.0,gyarados,water,flying,95,125,79,60,100,81
131.0,lapras,water,ice,130,85,80,85,95,60
132.0,ditto,normal,,48,48,48,48,48,48
133.0,eevee,normal,,55,55,50,45,65,55
134.0,vaporeon,water,,130,65,60,110,95,65
135.0,jolteon,electric,,65,65,60,110,95,130
136.0,flareon,fire,,65,130,60,95,110,65
137.0,porygon,normal,,65,60,70,85,75,40
138.0,omanyte,rock,water,35,40,100,90,55,35
139.0,omastar,rock,water,70,60,125,115,70,55
140.0,kabuto,rock,water,30,80,90,55,45,55
141.0,kabutops,rock,water,60,115,105,65,70,80
142.0,aerodactyl,rock,flying,80,105,65,60,75,130
143.0,snorlax,normal,,160,110,65,65,110,30
144.0,articuno,ice,flying,90,85,100,95,125,85
145.0,zapdos,electric,flying,90,90,85,125,90,100
146.0,moltres,fire,flying,90,100,90,125,85,90
147.0,dratini,dragon,,41,64,45,50,50,50
148.0,dragonair,dragon,,61,84,65,70,70,70
149.0,dragonite,dragon,flying,91,134,95,100,100,80
150.0,mewtwo,psychic,,106,110,90,154,90,130
151.0,mew,psychic,,100,100,100,100,100,100
152.0,chikorita,grass,,45,49,65,49,65,45
153.0,bayleef,grass,,60,62,80,63,80,60
155.0,cyndaquil,fire,,39,52,43,60,50,65
156.0,quilava,fire,,58,64,58,80,65,80
157.0,typhlosion,fire,,78,84,78,109,85,100
158.0,totodile,water,,50,65,64,44,48,43
159.0,croconaw,water,,65,80,80,59,63,58
160.0,feraligatr,water,,85,105,100,79,83,78
161.0,sentret,normal,,35,46,34,35,45,20
162.0,furret,normal,,85,76,64,45,55,90
163.0,hoothoot,normal,flying,60,30,30,36,56,50
164.0,noctowl,normal,flying,100,50,50,86,96,70
165.0,ledyba,bug,flying,40,20,30,40,80,55
166.0,ledian,bug,flying,55,35,50,55,110,85
167.0,spinarak,bug,poison,40,60,40,40,40,30
168.0,ariados,bug,poison,70,90,70,60,70,40
169.0,crobat,poison,flying,85,90,80,70,80,130
170.0,chinchou,water,electric,75,38,38,56,56,67
171.0,lanturn,water,electric,125,58,58,76,76,67
172.0,pichu,electric,,20,40,15,35,35,60
173.0,cleffa,fairy,,50,25,28,45,55,15
174.0,igglybuff,normal,fairy,90,30,15,40,20,15
175.0,togepi,fairy,,35,20,65,40,65,20
176.0,togetic,fairy,flying,55,40,85,80,105,40
177.0,natu,psychic,flying,40,50,45,70,45,70
178.0,xatu,psychic,flying,65,75,70,95,70,95
179.0,mareep,electric,,55,40,40,65,45,35
180.0,flaaffy,electric,,70,55,55,80,60,45
181.0,ampharos,electric,,90,75,85,115,90,55
182.0,bellossom,grass,,75,80,95,90,100,50
183.0,marill,water,fairy,70,20,50,20,50,40
184.0,azumarill,water,fairy,100,50,80,60,80,50
185.0,sudowoodo,rock,,70,100,115,30,65,30
186.0,politoed,water,,90,75,75,90,100,70
187.0,hoppip,grass,flying,35,35,40,35,55,50
188.0,skiploom,grass,flying,55,45,50,45,65,80
189.0,jumpluff,grass,flying,75,55,70,55,95,110
190.0,aipom,normal,,55,70,55,40,55,85
191.0,sunkern,grass,,30,30,30,30,30,30
192.0,sunflora,grass,,75,75,55,105,85,30
193.0,yanma,bug,flying,65,65,45,75,45,95
194.0,wooper,water,ground,55,45,45,25,25,15
195.0,quagsire,water,ground,95,85,85,65,65,35
196.0,espeon,psychic,,65,65,60,130,95,110
197.0,umbreon,dark,,95,65,110,60,130,65
198.0,murkrow,dark,flying,60,85,42,85,42,91
199.0,slowking,water,psychic,95,75,80,100,110,30
200.0,misdreavus,ghost,,60,60,60,85,85,85
201.0,unown,psychic,,48,72,48,72,48,48
202.0,wobbuffet,psychic,,190,33,58,33,58,33
203.0,girafarig,normal,psychic,70,80,65,90,65,85
204.0,pineco,bug,,50,65,90,35,35,15
205.0,forretress,bug,steel,75,90,140,60,60,40
206.0,dunsparce,normal,,100,70,70,65,65,45
207.0,gligar,ground,flying,65,75,105,35,65,85
208.0,steelix,steel,ground,75,85,200,55,65,30
209.0,snubbull,fairy,,60,80,50,40,40,30
210.0,granbull,fairy,,90,120,75,60,60,45
211.0,qwilfish,water,poison,65,95,85,55,55,85
212.0,scizor,bug,steel,70,130,100,55,80,65
213.0,shuckle,bug,rock,20,10,230,10,230,5
214.0,heracross,bug,fighting,80,125,75,40,95,85
215.0,sneasel,dark,ice,55,95,55,35,75,115
216.0,teddiursa,normal,,60,80,50,50,50,40
217.0,ursaring,normal,,90,130,75,75,75,55
218.0,slugma,fire,,40,40,40,70,40,20
219.0,magcargo,fire,rock,60,50,120,90,80,30
220.0,swinub,ice,ground,50,50,40,30,30,50
221.0,piloswine,ice,ground,100,100,80,60,60,50
222.0,corsola,water,rock,65,55,95,65,95,35
223.0,remoraid,water,,35,65,35,65,35,65
224.0,octillery,water,,75,105,75,105,75,45
225.0,delibird,ice,flying,45,55,45,65,45,75
226.0,mantine,water,flying,85,40,70,80,140,70
227.0,skarmory,steel,flying,65,80,140,40,70,70
228.0,houndour,dark,fire,45,60,30,80,50,65
229.0,houndoom,dark,fire,75,90,50,110,80,95
230.0,kingdra,water,dragon,75,95,95,95,95,85
231.0,phanpy,ground,,90,60,60,40,40,40
232.0,donphan,ground,,90,120,120,60,60,50
233.0,porygon2,normal,,85,80,90,105,95,60
234.0,stantler,normal,,73,95,62,85,65,85
235.0,smeargle,normal,,55,20,35,20,45,75
236.0,tyrogue,fighting,,35,35,35,35,35,35
237.0,hitmontop,fighting,,50,95,95,35,110,70
238.0,smoochum,ice,psychic,45,30,15,85,65,65
239.0,elekid,electric,,45,63,37,65,55,95
240.0,magby,fire,,45,75,37,70,55,83
241.0,miltank,normal,,95,80,105,40,70,100
242.0,blissey,normal,,255,10,10,75,135,55
243.0,raikou,electric,,90,85,75,115,100,115
244.0,entei,fire,,115,115,85,90,75,100
245.0,suicune,water,,100,75,115,90,115,85
246.0,larvitar,rock,ground,50,64,50,45,50,41
247.0,pupitar,rock,ground,70,84,70,65,70,51
248.0,tyranitar,rock,dark,100,134,110,95,100,61
249.0,lugia,psychic,flying,106,90,130,90,154,110
250.0,ho-oh,fire,flying,106,130,90,110,154,90
251.0,celebi,psychic,grass,100,100,100,100,100,100
252.0,treecko,grass,,40,45,35,65,55,70
253.0,grovyle,grass,,50,65,45,85,65,95
254.0,sceptile,grass,,70,85,65,105,85,120
255.0,torchic,fire,,45,60,40,70,50,45
256.0,combusken,fire,fighting,60,85,60,85,60,55
257.0,blaziken,fire,fighting,80,120,70,110,70,80
258.0,mudkip,water,,50,70,50,50,50,40
259.0,marshtomp,water,ground,70,85,70,60,70,50
260.0,swampert,water,ground,100,110,90,85,90,60
261.0,poochyena,dark,,35,55,35,30,30,35
262.0,mightyena,dark,,70,90,70,60,60,70
263.0,zigzagoon,normal,,38,30,41,30,41,60
264.0,linoone,normal,,78,70,61,50,61,100
265.0,wurmple,bug,,45,45,35,20,30,20
266.0,silcoon,bug,,50,35,55,25,25,15
267.0,beautifly,bug,flying,60,70,50,100,50,65
268.0,cascoon,bug,,50,35,55,25,25,15
269.0,dustox,bug,poison,60,50,70,50,90,65
270.0,lotad,water,grass,40,30,30,40,50,30
271.0,lombre,water,grass,60,50,50,60,70,50
272.0,ludicolo,water,grass,80,70,70,90,100,70
273.0,seedot,grass,,40,40,50,30,30,30
274.0,nuzleaf,grass,dark,70,70,40,60,40,60
275.0,shiftry,grass,dark,90,100,60,90,60,80
276.0,taillow,normal,flying,40,55,30,30,30,85
277.0,swellow,normal,flying,60,85,60,75,50,125
278.0,wingull,water,flying,40,30,30,55,30,85
279.0,pelipper,water,flying,60,50,100,95,70,65
280.0,ralts,psychic,fairy,28,25,25,45,35,40
281.0,kirlia,psychic,fairy,38,35,35,65,55,50
282.0,gardevoir,psychic,fairy,68,65,65,125,115,80
283.0,surskit,bug,water,40,30,32,50,52,65
284.0,masquerain,bug,flying,70,60,62,100,82,80
285.0,shroomish,grass,,60,40,60,40,60,35
286.0,breloom,grass,fighting,60,130,80,60,60,70
287.0,slakoth,normal,,60,60,60,35,35,30
288.0,vigoroth,normal,,80,80,80,55,55,90
289.0,slaking,normal,,150,160,100,95,65,100
290.0,nincada,bug,ground,31,45,90,30,30,40
291.0,ninjask,bug,flying,61,90,45,50,50,160
292.0,shedinja,bug,ghost,1,90,45,30,30,40
293.0,whismur,normal,,64,51,23,51,23,28
294.0,loudred,normal,,84,71,43,71,43,48
295.0,exploud,normal,,104,91,63,91,73,68
296.0,makuhita,fighting,,72,60,30,20,30,25
297.0,hariyama,fighting,,144,120,60,40,60,50
298.0,azurill,normal,fairy,50,20,40,20,40,20
299.0,nosepass,rock,,30,45,135,45,90,30
300.0,skitty,normal,,50,45,45,35,35,50
301.0,delcatty,normal,,70,65,65,55,55,90
302.0,sableye,dark,ghost,50,75,75,65,65,50
303.0,mawile,steel,fairy,50,85,85,55,55,50
304.0,aron,steel,rock,50,70,100,40,40,30
305.0,lairon,steel,rock,60,90,140,50,50,40
306.0,aggron,steel,rock,70,110,180,60,60,50
307.0,meditite,fighting,psychic,30,40,55,40,55,60
308.0,medicham,fighting,psychic,60,60,75,60,75,80
309.0,electrike,electric,,40,45,40,65,40,65
310.0,manectric,electric,,70,75,60,105,60,105
311.0,plusle,electric,,60,50,40,85,75,95
312.0,minun,electric,,60,40,50,75,85,95
313.0,volbeat,bug,,65,73,75,47,85,85
314.0,illumise,bug,,65,47,75,73,85,85
315.0,roselia,grass,poison,50,60,45,100,80,65
316.0,gulpin,poison,,70,43,53,43,53,40
317.0,swalot,poison,,100,73,83,73,83,55
318.0,carvanha,water,dark,45,90,20,65,20,65
319.0,sharpedo,water,dark,70,120,40,95,40,95
320.0,wailmer,water,,130,70,35,70,35,60
321.0,wailord,water,,170,90,45,90,45,60
322.0,numel,fire,ground,60,60,40,65,45,35
323.0,camerupt,fire,ground,70,100,70,105,75,40
324.0,torkoal,fire,,70,85,140,85,70,20
325.0,spoink,psychic,,60,25,35,70,80,60
326.0,grumpig,psychic,,80,45,65,90,110,80
327.0,spinda,normal,,60,60,60,60,60,60
328.0,trapinch,ground,,45,100,45,45,45,10
329.0,vibrava,ground,dragon,50,70,50,50,50,70
330.0,flygon,ground,dragon,80,100,80,80,80,100
331.0,cacnea,grass,,50,85,40,85,40,35
332.0,cacturne,grass,dark,70,115,60,115,60,55
333.0,swablu,normal,flying,45,40,60,40,75,50
334.0,altaria,dragon,flying,75,70,90,70,105,80
335.0,zangoose,normal,,73,115,60,60,60,90
336.0,seviper,poison,,73,100,60,100,60,65
337.0,lunatone,rock,psychic,90,55,65,95,85,70
338.0,solrock,rock,psychic,90,95,85,55,65,70
339.0,barboach,water,ground,50,48,43,46,41,60
340.0,whiscash,water,ground,110,78,73,76,71,60
341.0,corphish,water,,43,80,65,50,35,35
342.0,crawdaunt,water,dark,63,120,85,90,55,55
343.0,baltoy,ground,psychic,40,40,55,40,70,55
344.0,claydol,ground,psychic,60,70,105,70,120,75
345.0,lileep,rock,grass,66,41,77,61,87,23
346.0,cradily,rock,grass,86,81,97,81,107,43
347.0,anorith,rock,bug,45,95,50,40,50,75
348.0,armaldo,rock,bug,75,125,100,70,80,45
349.0,feebas,water,,20,15,20,10,55,80
350.0,milotic,water,,95,60,79,100,125,81
351.0,castform,normal,,70,70,70,70,70,70
352.0,kecleon,normal,,60,90,70,60,120,40
353.0,shuppet,ghost,,44,75,35,63,33,45
354.0,banette,ghost,,64,115,65,83,63,65
355.0,duskull,ghost,,20,40,90,30,90,25
356.0,dusclops,ghost,,40,70,130,60,130,25
357.0,tropius,grass,flying,99,68,83,72,87,51
358.0,chimecho,psychic,,75,50,80,95,90,65
359.0,absol,dark,,65,130,60,75,60,75
360.0,wynaut,psychic,,95,23,48,23,48,23
361.0,snorunt,ice,,50,50,50,50,50,50
362.0,glalie,ice,,80,80,80,80,80,80
363.0,spheal,ice,water,70,40,50,55,50,25
364.0,sealeo,ice,water,90,60,70,75,70,45
365.0,walrein,ice,water,110,80,90,95,90,65
366.0,clamperl,water,,35,64,85,74,55,32
367.0,huntail,water,,55,104,105,94,75,52
368.0,gorebyss,water,,55,84,105,114,75,52
369.0,relicanth,water,rock,100,90,130,45,65,55
370.0,luvdisc,water,,43,30,55,40,65,97
371.0,bagon,dragon,,45,75,60,40,30,50
372.0,shelgon,dragon,,65,95,100,60,50,50
373.0,salamence,dragon,flying,95,135,80,110,80,100
374.0,beldum,steel,psychic,40,55,80,35,60,30
375.0,metang,steel,psychic,60,75,100,55,80,50
376.0,metagross,steel,psychic,80,135,130,95,90,70
377.0,regirock,rock,,80,100,200,50,100,50
378.0,regice,ice,,80,50,100,100,200,50
379.0,registeel,steel,,80,75,150,75,150,50
380.0,latias,dragon,psychic,80,80,90,110,130,110
381.0,latios,dragon,psychic,80,90,80,130,110,110
382.0,kyogre,water,,100,100,90,150,140,90
383.0,groudon,ground,,100,150,140,100,90,90
384.0,rayquaza,dragon,flying,105,150,90,150,90,95
385.0,jirachi,steel,psychic,100,100,100,100,100,100
387.0,turtwig,grass,,55,68,64,45,55,31
388.0,grotle,grass,,75,89,85,55,65,36
389.0,torterra,grass,ground,95,109,105,75,85,56
390.0,chimchar,fire,,44,58,44,58,44,61
391.0,monferno,fire,fighting,64,78,52,78,52,81
392.0,infernape,fire,fighting,76,104,71,104,71,108
393.0,piplup,water,,53,51,53,61,56,40
394.0,prinplup,water,,64,66,68,81,76,50
395.0,empoleon,water,steel,84,86,88,111,101,60
396.0,starly,normal,flying,40,55,30,30,30,60
397.0,staravia,normal,flying,55,75,50,40,40,80
398.0,staraptor,normal,flying,85,120,70,50,60,100
399.0,bidoof,normal,,59,45,40,35,40,31
400.0,bibarel,normal,water,79,85,60,55,60,71
401.0,kricketot,bug,,37,25,41,25,41,25
402.0,kricketune,bug,,77,85,51,55,51,65
403.0,shinx,electric,,45,65,34,40,34,45
404.0,luxio,electric,,60,85,49,60,49,60
405.0,luxray,electric,,80,120,79,95,79,70
406.0,budew,grass,poison,40,30,35,50,70,55
407.0,roserade,grass,poison,60,70,65,125,105,90
408.0,cranidos,rock,,67,125,40,30,30,58
409.0,rampardos,rock,,97,165,60,65,50,58
410.0,shieldon,rock,steel,30,42,118,42,88,30
411.0,bastiodon,rock,steel,60,52,168,47,138,30
412.0,burmy,bug,,40,29,45,29,45,36
414.0,mothim,bug,flying,70,94,50,94,50,66
415.0,combee,bug,flying,30,30,42,30,42,70
416.0,vespiquen,bug,flying,70,80,102,80,102,40
417.0,pachirisu,electric,,60,45,70,45,90,95
418.0,buizel,water,,55,65,35,60,30,85
419.0,floatzel,water,,85,105,55,85,50,115
420.0,cherubi,grass,,45,35,45,62,53,35
421.0,cherrim,grass,,70,60,70,87,78,85
422.0,shellos,water,,76,48,48,57,62,34
423.0,gastrodon,water,ground,111,83,68,92,82,39
424.0,ambipom,normal,,75,100,66,60,66,115
425.0,drifloon,ghost,flying,90,50,34,60,44,70
426.0,drifblim,ghost,flying,150,80,44,90,54,80
427.0,buneary,normal,,55,66,44,44,56,85
428.0,lopunny,normal,,65,76,84,54,96,105
429.0,mismagius,ghost,,60,60,60,105,105,105
430.0,honchkrow,dark,flying,100,125,52,105,52,71
431.0,glameow,normal,,49,55,42,42,37,85
432.0,purugly,normal,,71,82,64,64,59,112
433.0,chingling,psychic,,45,30,50,65,50,45
434.0,stunky,poison,dark,63,63,47,41,41,74
435.0,skuntank,poison,dark,103,93,67,71,61,84
436.0,bronzor,steel,psychic,57,24,86,24,86,23
437.0,bronzong,steel,psychic,67,89,116,79,116,33
438.0,bonsly,rock,,50,80,95,10,45,10
439.0,mime-jr,psychic,fairy,20,25,45,70,90,60
440.0,happiny,normal,,100,5,5,15,65,30
441.0,chatot,normal,flying,76,65,45,92,42,91
442.0,spiritomb,ghost,dark,50,92,108,92,108,35
443.0,gible,dragon,ground,58,70,45,40,45,42
444.0,gabite,dragon,ground,68,90,65,50,55,82
445.0,garchomp,dragon,ground,108,130,95,80,85,102
446.0,munchlax,normal,,135,85,40,40,85,5
447.0,riolu,fighting,,40,70,40,35,40,60
448.0,lucario,fighting,steel,70,110,70,115,70,90
449.0,hippopotas,ground,,68,72,78,38,42,32
450.0,hippowdon,ground,,108,112,118,68,72,47
451.0,skorupi,poison,bug,40,50,90,30,55,65
452.0,drapion,poison,dark,70,90,110,60,75,95
453.0,croagunk,poison,fighting,48,61,40,61,40,50
454.0,toxicroak,poison,fighting,83,106,65,86,65,85
455.0,carnivine,grass,,74,100,72,90,72,46
456.0,finneon,water,,49,49,56,49,61,66
457.0,lumineon,water,,69,69,76,69,86,91
458.0,mantyke,water,flying,45,20,50,60,120,50
459.0,snover,grass,ice,60,62,50,62,60,40
460.0,abomasnow,grass,ice,90,92,75,92,85,60
461.0,weavile,dark,ice,70,120,65,45,85,125
462.0,magnezone,electric,steel,70,70,115,130,90,60
463.0,lickilicky,normal,,110,85,95,80,95,50
464.0,rhyperior,ground,rock,115,140,130,55,55,40
465.0,tangrowth,grass,,100,100,125,110,50,50
466.0,electivire,electric,,75,123,67,95,85,95
467.0,magmortar,fire,,75,95,67,125,95,83
468.0,togekiss,fairy,flying,85,50,95,120,115,80
470.0,leafeon,grass,,65,110,130,60,65,95
471.0,glaceon,ice,,65,60,110,130,95,65
472.0,gliscor,ground,flying,75,95,125,45,75,95
473.0,mamoswine,ice,ground,110,130,80,70,60,80
474.0,porygon-z,normal,,85,80,70,135,75,90
475.0,gallade,psychic,fighting,68,125,65,65,115,80
476.0,probopass,rock,steel,60,55,145,75,150,40
477.0,dusknoir,ghost,,45,100,135,65,135,45
478.0,froslass,ice,ghost,70,80,70,80,70,110
479.0,rotom,electric,ghost,50,50,77,95,77,91
480.0,uxie,psychic,,75,75,130,75,130,95
481.0,mesprit,psychic,,80,105,105,105,105,80
482.0,azelf,psychic,,75,125,70,125,70,115
483.0,dialga,steel,dragon,100,120,120,150,100,90
484.0,palkia,water,dragon,90,120,100,150,120,100
485.0,heatran,fire,steel,91,90,106,130,106,77
486.0,regigigas,normal,,110,160,110,80,110,100
488.0,cresselia,psychic,,120,70,110,75,120,85
489.0,phione,water,,80,80,80,80,80,80
490.0,manaphy,water,,100,100,100,100,100,100
491.0,darkrai,dark,,70,90,90,135,90,125
493.0,arceus,normal,,120,120,120,120,120,120
494.0,victini,psychic,fire,100,100,100,100,100,100
495.0,snivy,grass,,45,45,55,45,55,63
496.0,servine,grass,,60,60,75,60,75,83
497.0,serperior,grass,,75,75,95,75,95,113
498.0,tepig,fire,,65,63,45,45,45,45
499.0,pignite,fire,fighting,90,93,55,70,55,55
500.0,emboar,fire,fighting,110,123,65,100,65,65
501.0,oshawott,water,,55,55,45,63,45,45
502.0,dewott,water,,75,75,60,83,60,60
503.0,samurott,water,,95,100,85,108,70,70
504.0,patrat,normal,,45,55,39,35,39,42
505.0,watchog,normal,,60,85,69,60,69,77
506.0,lillipup,normal,,45,60,45,25,45,55
507.0,herdier,normal,,65,80,65,35,65,60
508.0,stoutland,normal,,85,110,90,45,90,80
509.0,purrloin,dark,,41,50,37,50,37,66
510.0,liepard,dark,,64,88,50,88,50,106
511.0,pansage,grass,,50,53,48,53,48,64
512.0,simisage,grass,,75,98,63,98,63,101
513.0,pansear,fire,,50,53,48,53,48,64
514.0,simisear,fire,,75,98,63,98,63,101
515.0,panpour,water,,50,53,48,53,48,64
516.0,simipour,water,,75,98,63,98,63,101
517.0,munna,psychic,,76,25,45,67,55,24
518.0,musharna,psychic,,116,55,85,107,95,29
519.0,pidove,normal,flying,50,55,50,36,30,43
520.0,tranquill,normal,flying,62,77,62,50,42,65
521.0,unfezant,normal,flying,80,115,80,65,55,93
522.0,blitzle,electric,,45,60,32,50,32,76
523.0,zebstrika,electric,,75,100,63,80,63,116
524.0,roggenrola,rock,,55,75,85,25,25,15
525.0,boldore,rock,,70,105,105,50,40,20
526.0,gigalith,rock,,85,135,130,60,80,25
527.0,woobat,psychic,flying,65,45,43,55,43,72
528.0,swoobat,psychic,flying,67,57,55,77,55,114
529.0,drilbur,ground,,60,85,40,30,45,68
530.0,excadrill,ground,steel,110,135,60,50,65,88
531.0,audino,normal,,103,60,86,60,86,50
532.0,timburr,fighting,,75,80,55,25,35,35
533.0,gurdurr,fighting,,85,105,85,40,50,40
534.0,conkeldurr,fighting,,105,140,95,55,65,45
535.0,tympole,water,,50,50,40,50,40,64
536.0,palpitoad,water,ground,75,65,55,65,55,69
537.0,seismitoad,water,ground,105,95,75,85,75,74
538.0,throh,fighting,,120,100,85,30,85,45
539.0,sawk,fighting,,75,125,75,30,75,85
540.0,sewaddle,bug,grass,45,53,70,40,60,42
541.0,swadloon,bug,grass,55,63,90,50,80,42
542.0,leavanny,bug,grass,75,103,80,70,80,92
543.0,venipede,bug,poison,30,45,59,30,39,57
544.0,whirlipede,bug,poison,40,55,99,40,79,47
545.0,scolipede,bug,poison,60,100,89,55,69,112
546.0,cottonee,grass,fairy,40,27,60,37,50,66
547.0,whimsicott,grass,fairy,60,67,85,77,75,116
548.0,petilil,grass,,45,35,50,70,50,30
549.0,lilligant,grass,,70,60,75,110,75,90
551.0,sandile,ground,dark,50,72,35,35,35,65
552.0,krokorok,ground,dark,60,82,45,45,45,74
553.0,krookodile,ground,dark,95,117,80,65,70,92
554.0,darumaka,fire,,70,90,45,15,45,50
556.0,maractus,grass,,75,86,67,106,67,60
557.0,dwebble,bug,rock,50,65,85,35,35,55
558.0,crustle,bug,rock,70,105,125,65,75,45
559.0,scraggy,dark,fighting,50,75,70,35,70,48
560.0,scrafty,dark,fighting,65,90,115,45,115,58
561.0,sigilyph,psychic,flying,72,58,80,103,80,97
562.0,yamask,ghost,,38,30,85,55,65,30
563.0,cofagrigus,ghost,,58,50,145,95,105,30
564.0,tirtouga,water,rock,54,78,103,53,45,22
565.0,carracosta,water,rock,74,108,133,83,65,32
566.0,archen,rock,flying,55,112,45,74,45,70
567.0,archeops,rock,flying,75,140,65,112,65,110
568.0,trubbish,poison,,50,50,62,40,62,65
569.0,garbodor,poison,,80,95,82,60,82,75
570.0,zorua,dark,,40,65,40,80,40,65
571.0,zoroark,dark,,60,105,60,120,60,105
572.0,minccino,normal,,55,50,40,40,40,75
573.0,cinccino,normal,,75,95,60,65,60,115
574.0,gothita,psychic,,45,30,50,55,65,45
575.0,gothorita,psychic,,60,45,70,75,85,55
576.0,gothitelle,psychic,,70,55,95,95,110,65
577.0,solosis,psychic,,45,30,40,105,50,20
578.0,duosion,psychic,,65,40,50,125,60,30
579.0,reuniclus,psychic,,110,65,75,125,85,30
580.0,ducklett,water,flying,62,44,50,44,50,55
581.0,swanna,water,flying,75,87,63,87,63,98
582.0,vanillite,ice,,36,50,50,65,60,44
583.0,vanillish,ice,,51,65,65,80,75,59
584.0,vanilluxe,ice,,71,95,85,110,95,79
585.0,deerling,normal,grass,60,60,50,40,50,75
586.0,sawsbuck,normal,grass,80,100,70,60,70,95
587.0,emolga,electric,flying,55,75,60,75,60,103
588.0,karrablast,bug,,50,75,45,40,45,60
589.0,escavalier,bug,steel,70,135,105,60,105,20
590.0,foongus,grass,poison,69,55,45,55,55,15
591.0,amoonguss,grass,poison,114,85,70,85,80,30
592.0,frillish,water,ghost,55,40,50,65,85,40
593.0,jellicent,water,ghost,100,60,70,85,105,60
594.0,alomomola,water,,165,75,80,40,45,65
595.0,joltik,bug,electric,50,47,50,57,50,65
596.0,galvantula,bug,electric,70,77,60,97,60,108
597.0,ferroseed,grass,steel,44,50,91,24,86,10
598.0,ferrothorn,grass,steel,74,94,131,54,116,20
599.0,klink,steel,,40,55,70,45,60,30
600.0,klang,steel,,60,80,95,70,85,50
601.0,klinklang,steel,,60,100,115,70,85,90
602.0,tynamo,electric,,35,55,40,45,40,60
603.0,eelektrik,electric,,65,85,70,75,70,40
604.0,eelektross,electric,,85,115,80,105,80,50
605.0,elgyem,psychic,,55,55,55,85,55,30
606.0,beheeyem,psychic,,75,75,75,125,95,40
607.0,litwick,ghost,fire,50,30,55,65,55,20
608.0,lampent,ghost,fire,60,40,60,95,60,55
609.0,chandelure,ghost,fire,60,55,90,145,90,80
610.0,axew,dragon,,46,87,60,30,40,57
611.0,fraxure,dragon,,66,117,70,40,50,67
612.0,haxorus,dragon,,76,147,90,60,70,97
613.0,cubchoo,ice,,55,70,40,60,40,40
614.0,beartic,ice,,95,130,80,70,80,50
615.0,cryogonal,ice,,80,50,50,95,135,105
616.0,shelmet,bug,,50,40,85,40,65,25
617.0,accelgor,bug,,80,70,40,100,60,145
618.0,stunfisk,ground,electric,109,66,84,81,99,32
619.0,mienfoo,fighting,,45,85,50,55,50,65
620.0,mienshao,fighting,,65,125,60,95,60,105
621.0,druddigon,dragon,,77,120,90,60,90,48
622.0,golett,ground,ghost,59,74,50,35,50,35
623.0,golurk,ground,ghost,89,124,80,55,80,55
624.0,pawniard,dark,steel,45,85,70,40,40,60
625.0,bisharp,dark,steel,65,125,100,60,70,70
626.0,bouffalant,normal,,95,110,95,40,95,55
627.0,rufflet,normal,flying,70,83,50,37,50,60
628.0,braviary,normal,flying,100,123,75,57,75,80
629.0,vullaby,dark,flying,70,55,75,45,65,60
630.0,mandibuzz,dark,flying,110,65,105,55,95,80
631.0,heatmor,fire,,85,97,66,105,66,65
632.0,durant,bug,steel,58,109,112,48,48,109
633.0,deino,dark,dragon,52,65,50,45,50,38
634.0,zweilous,dark,dragon,72,85,70,65,70,58
635.0,hydreigon,dark,dragon,92,105,90,125,90,98
636.0,larvesta,bug,fire,55,85,55,50,55,60
637.0,volcarona,bug,fire,85,60,65,135,105,100
638.0,cobalion,steel,fighting,91,90,129,90,72,108
639.0,terrakion,rock,fighting,91,129,90,72,90,108
640.0,virizion,grass,fighting,91,90,72,90,129,108
643.0,reshiram,dragon,fire,100,120,100,150,120,90
644.0,zekrom,dragon,electric,100,150,120,120,100,90
646.0,kyurem,dragon,ice,125,130,90,130,90,95
649.0,genesect,bug,steel,71,120,95,120,95,99
650.0,chespin,grass,,56,61,65,48,45,38
651.0,quilladin,grass,,61,78,95,56,58,57
652.0,chesnaught,grass,fighting,88,107,122,74,75,64
653.0,fennekin,fire,,40,45,40,62,60,60
654.0,braixen,fire,,59,59,58,90,70,73
655.0,delphox,fire,psychic,75,69,72,114,100,104
656.0,froakie,water,,41,56,40,62,44,71
657.0,frogadier,water,,54,63,52,83,56,97
658.0,greninja,water,dark,72,95,67,103,71,122
659.0,bunnelby,normal,,38,36,38,32,36,57
660.0,diggersby,normal,ground,85,56,77,50,77,78
661.0,fletchling,normal,flying,45,50,43,40,38,62
662.0,fletchinder,fire,flying,62,73,55,56,52,84
663.0,talonflame,fire,flying,78,81,71,74,69,126
664.0,scatterbug,bug,,38,35,40,27,25,35
665.0,spewpa,bug,,45,22,60,27,30,29
666.0,vivillon,bug,flying,80,52,50,90,50,89
667.0,litleo,fire,normal,62,50,58,73,54,72
668.0,pyroar,fire,normal,86,68,72,109,66,106
669.0,flabebe,fairy,,44,38,39,61,79,42
670.0,floette,fairy,,54,45,47,75,98,52
671.0,florges,fairy,,78,65,68,112,154,75
672.0,skiddo,grass,,66,65,48,62,57,52
673.0,gogoat,grass,,123,100,62,97,81,68
674.0,pancham,fighting,,67,82,62,46,48,43
675.0,pangoro,fighting,dark,95,124,78,69,71,58
676.0,furfrou,normal,,75,80,60,65,90,102
677.0,espurr,psychic,,62,48,54,63,60,68
679.0,honedge,steel,ghost,45,80,100,35,37,28
680.0,doublade,steel,ghost,59,110,150,45,49,35
682.0,spritzee,fairy,,78,52,60,63,65,23
683.0,aromatisse,fairy,,101,72,72,99,89,29
684.0,swirlix,fairy,,62,48,66,59,57,49
685.0,slurpuff,fairy,,82,80,86,85,75,72
686.0,inkay,dark,psychic,53,54,53,37,46,45
687.0,malamar,dark,psychic,86,92,88,68,75,73
688.0,binacle,rock,water,42,52,67,39,56,50
689.0,barbaracle,rock,water,72,105,115,54,86,68
690.0,skrelp,poison,water,50,60,60,60,60,30
691.0,dragalge,poison,dragon,65,75,90,97,123,44
692.0,clauncher,water,,50,53,62,58,63,44
693.0,clawitzer,water,,71,73,88,120,89,59
694.0,helioptile,electric,normal,44,38,33,61,43,70
695.0,heliolisk,electric,normal,62,55,52,109,94,109
696.0,tyrunt,rock,dragon,58,89,77,45,45,48
697.0,tyrantrum,rock,dragon,82,121,119,69,59,71
698.0,amaura,rock,ice,77,59,50,67,63,46
699.0,aurorus,rock,ice,123,77,72,99,92,58
700.0,sylveon,fairy,,95,65,65,110,130,60
701.0,hawlucha,fighting,flying,78,92,75,74,63,118
702.0,dedenne,electric,fairy,67,58,57,81,67,101
703.0,carbink,rock,fairy,50,50,150,50,150,50
704.0,goomy,dragon,,45,50,35,55,75,40
705.0,sliggoo,dragon,,68,75,53,83,113,60
706.0,goodra,dragon,,90,100,70,110,150,80
707.0,klefki,steel,fairy,57,80,91,80,87,75
708.0,phantump,ghost,grass,43,70,48,50,60,38
709.0,trevenant,ghost,grass,85,110,76,65,82,56
712.0,bergmite,ice,,55,69,85,32,35,28
713.0,avalugg,ice,,95,117,184,44,46,28
714.0,noibat,flying,dragon,40,30,35,45,40,55
715.0,noivern,flying,dragon,85,70,80,97,80,123
716.0,xerneas,fairy,,126,131,95,131,98,99
717.0,yveltal,dark,flying,126,131,95,131,98,99
719.0,diancie,rock,fairy,50,100,150,100,150,50
720.0,hoopa,psychic,ghost,80,110,60,150,130,70
721.0,volcanion,fire,water,80,110,120,130,90,70
722.0,rowlet,grass,flying,68,55,55,50,50,42
723.0,dartrix,grass,flying,78,75,75,70,70,52
724.0,decidueye,grass,ghost,78,107,75,100,100,70
725.0,litten,fire,,45,65,40,60,40,70
726.0,torracat,fire,,65,85,50,80,50,90
727.0,incineroar,fire,dark,95,115,90,80,90,60
728.0,popplio,water,,50,54,54,66,56,40
729.0,brionne,water,,60,69,69,91,81,50
730.0,primarina,water,fairy,80,74,74,126,116,60
731.0,pikipek,normal,flying,35,75,30,30,30,65
732.0,trumbeak,normal,flying,55,85,50,40,50,75
733.0,toucannon,normal,flying,80,120,75,75,75,60
734.0,yungoos,normal,,48,70,30,30,30,45
735.0,gumshoos,normal,,88,110,60,55,60,45
736.0,grubbin,bug,,47,62,45,55,45,46
737.0,charjabug,bug,electric,57,82,95,55,75,36
738.0,vikavolt,bug,electric,77,70,90,145,75,43
739.0,crabrawler,fighting,,47,82,57,42,47,63
740.0,crabominable,fighting,ice,97,132,77,62,67,43
742.0,cutiefly,bug,fairy,40,45,40,55,40,84
743.0,ribombee,bug,fairy,60,55,60,95,70,124
744.0,rockruff,rock,,45,65,40,30,40,60
747.0,mareanie,poison,water,50,53,62,43,52,45
748.0,toxapex,poison,water,50,63,152,53,142,35
749.0,mudbray,ground,,70,100,70,45,55,45
750.0,mudsdale,ground,,100,125,100,55,85,35
751.0,dewpider,water,bug,38,40,52,40,72,27
752.0,araquanid,water,bug,68,70,92,50,132,42
753.0,fomantis,grass,,40,55,35,50,35,35
754.0,lurantis,grass,,70,105,90,80,90,45
755.0,morelull,grass,fairy,40,35,55,65,75,15
756.0,shiinotic,grass,fairy,60,45,80,90,100,30
757.0,salandit,poison,fire,48,44,40,71,40,77
758.0,salazzle,poison,fire,68,64,60,111,60,117
759.0,stufful,normal,fighting,70,75,50,45,50,50
760.0,bewear,normal,fighting,120,125,80,55,60,60
761.0,bounsweet,grass,,42,30,38,30,38,32
762.0,steenee,grass,,52,40,48,40,48,62
763.0,tsareena,grass,,72,120,98,50,98,72
764.0,comfey,fairy,,51,52,90,82,110,100
765.0,oranguru,normal,psychic,90,60,80,90,110,60
766.0,passimian,fighting,,100,120,90,40,60,80
767.0,wimpod,bug,water,25,35,40,20,30,80
768.0,golisopod,bug,water,75,125,140,60,90,40
769.0,sandygast,ghost,ground,55,55,80,70,45,15
770.0,palossand,ghost,ground,85,75,110,100,75,35
771.0,pyukumuku,water,,55,60,130,30,130,5
772.0,type-null,normal,,95,95,95,95,95,59
773.0,silvally,normal,,95,95,95,95,95,95
775.0,komala,normal,,65,115,65,75,95,65
776.0,turtonator,fire,dragon,60,78,135,91,85,36
777.0,togedemaru,electric,steel,65,98,63,40,73,96
779.0,bruxish,water,psychic,68,105,70,70,70,92
780.0,drampa,normal,dragon,78,60,85,135,91,36
781.0,dhelmise,ghost,grass,70,131,100,86,90,40
782.0,jangmo-o,dragon,,45,55,65,45,45,45
783.0,hakamo-o,dragon,fighting,55,75,90,65,70,65
784.0,kommo-o,dragon,fighting,75,110,125,100,105,85
785.0,tapu-koko,electric,fairy,70,115,85,95,75,130
786.0,tapu-lele,psychic,fairy,70,85,75,130,115,95
787.0,tapu-bulu,grass,fairy,70,130,115,85,95,75
788.0,tapu-fini,water,fairy,70,75,115,95,130,85
789.0,cosmog,psychic,,43,29,31,29,31,37
790.0,cosmoem,psychic,,43,29,131,29,131,37
791.0,solgaleo,psychic,steel,137,137,107,113,89,97
792.0,lunala,psychic,ghost,137,113,89,137,107,97
793.0,nihilego,rock,poison,109,53,47,127,131,103
794.0,buzzwole,bug,fighting,107,139,139,53,53,79
795.0,pheromosa,bug,fighting,71,137,37,137,37,151
796.0,xurkitree,electric,,83,89,71,173,71,83
797.0,celesteela,steel,flying,97,101,103,107,101,61
798.0,kartana,grass,steel,59,181,131,59,31,109
799.0,guzzlord,dark,dragon,223,101,53,97,53,43
800.0,necrozma,psychic,,97,107,101,127,89,79
801.0,magearna,steel,fairy,80,95,115,130,115,65
802.0,marshadow,fighting,ghost,90,125,80,90,90,125
803.0,poipole,poison,,67,73,67,73,67,73
804.0,naganadel,poison,dragon,73,73,73,127,73,121
805.0,stakataka,rock,steel,61,131,211,53,101,13
806.0,blacephalon,fire,ghost,53,127,53,151,79,107
807.0,zeraora,electric,,88,112,75,102,80,143
808.0,meltan,steel,,46,65,65,55,35,34
809.0,melmetal,steel,,135,143,143,80,65,34
810.0,grookey,grass,,50,65,50,40,40,65
811.0,thwackey,grass,,70,85,70,55,60,80
812.0,rillaboom,grass,,100,125,90,60,70,85
813.0,scorbunny,fire,,50,71,40,40,40,69
814.0,raboot,fire,,65,86,60,55,60,94
815.0,cinderace,fire,,80,116,75,65,75,119
816.0,sobble,water,,50,40,40,70,40,70
817.0,drizzile,water,,65,60,55,95,55,90
818.0,inteleon,water,,70,85,65,125,65,120
819.0,skwovet,normal,,70,55,55,35,35,25
820.0,greedent,normal,,120,95,95,55,75,20
821.0,rookidee,flying,,38,47,35,33,35,57
822.0,corvisquire,flying,,68,67,55,43,55,77
823.0,corviknight,flying,steel,98,87,105,53,85,67
824.0,blipbug,bug,,25,20,20,25,45,45
825.0,dottler,bug,psychic,50,35,80,50,90,30
826.0,orbeetle,bug,psychic,60,45,110,80,120,90
827.0,nickit,dark,,40,28,28,47,52,50
828.0,thievul,dark,,70,58,58,87,92,90
829.0,gossifleur,grass,,40,40,60,40,60,10
830.0,eldegoss,grass,,60,50,90,80,120,60
831.0,wooloo,normal,,42,40,55,40,45,48
832.0,dubwool,normal,,72,80,100,60,90,88
833.0,chewtle,water,,50,64,50,38,38,44
834.0,drednaw,water,rock,90,115,90,48,68,74
835.0,yamper,electric,,59,45,50,40,50,26
836.0,boltund,electric,,69,90,60,90,60,121
837.0,rolycoly,rock,,30,40,50,40,50,30
838.0,carkol,rock,fire,80,60,90,60,70,50
839.0,coalossal,rock,fire,110,80,120,80,90,30
840.0,applin,grass,dragon,40,40,80,40,40,20
841.0,flapple,grass,dragon,70,110,80,95,60,70
842.0,appletun,grass,dragon,110,85,80,100,80,30
843.0,silicobra,ground,,52,57,75,35,50,46
844.0,sandaconda,ground,,72,107,125,65,70,71
845.0,cramorant,flying,water,70,85,55,85,95,85
846.0,arrokuda,water,,41,63,40,40,30,66
847.0,barraskewda,water,,61,123,60,60,50,136
848.0,toxel,electric,poison,40,38,35,54,35,40
850.0,sizzlipede,fire,bug,50,65,45,50,50,45
851.0,centiskorch,fire,bug,100,115,65,90,90,65
852.0,clobbopus,fighting,,50,68,60,50,50,32
853.0,grapploct,fighting,,80,118,90,70,80,42
854.0,sinistea,ghost,,40,45,45,74,54,50
855.0,polteageist,ghost,,60,65,65,134,114,70
856.0,hatenna,psychic,,42,30,45,56,53,39
857.0,hattrem,psychic,,57,40,65,86,73,49
858.0,hatterene,psychic,fairy,57,90,95,136,103,29
859.0,impidimp,dark,fairy,45,45,30,55,40,50
860.0,morgrem,dark,fairy,65,60,45,75,55,70
861.0,grimmsnarl,dark,fairy,95,120,65,95,75,60
862.0,obstagoon,dark,normal,93,90,101,60,81,95
863.0,perrserker,steel,,70,110,100,50,60,50
864.0,cursola,ghost,,60,95,50,145,130,30
865.0,sirfetchd,fighting,,62,135,95,68,82,65
866.0,mr-rime,ice,psychic,80,85,75,110,100,70
867.0,runerigus,ground,ghost,58,95,145,50,105,30
868.0,milcery,fairy,,45,40,40,50,61,34
869.0,alcremie,fairy,,65,60,75,110,121,64
870.0,falinks,fighting,,65,100,100,70,60,75
871.0,pincurchin,electric,,48,101,95,91,85,15
872.0,snom,ice,bug,30,25,35,45,30,20
873.0,frosmoth,ice,bug,70,65,60,125,90,65
874.0,stonjourner,rock,,100,125,135,20,20,70
878.0,cufant,steel,,72,80,49,40,49,40
879.0,copperajah,steel,,122,130,69,80,69,30
880.0,dracozolt,electric,dragon,90,100,90,80,70,75
881.0,arctozolt,electric,ice,90,100,90,90,80,55
882.0,dracovish,water,dragon,90,90,100,70,80,75
883.0,arctovish,water,ice,90,90,100,80,90,55
884.0,duraludon,steel,dragon,70,95,115,120,50,85
885.0,dreepy,dragon,ghost,28,60,30,40,30,82
886.0,drakloak,dragon,ghost,68,80,50,60,50,102
887.0,dragapult,dragon,ghost,88,120,75,100,75,142
888.0,zacian,fairy,,92,120,115,80,115,138
889.0,zamazenta,fighting,,92,120,115,80,115,138
890.0,eternatus,poison,dragon,140,85,95,145,95,130
891.0,kubfu,fighting,,60,90,60,53,50,72
893.0,zarude,dark,grass,105,120,105,70,95,105
894.0,regieleki,electric,,80,100,50,100,50,200
895.0,regidrago,dragon,,200,100,50,100,50,80
896.0,glastrier,ice,,100,145,130,65,110,30
897.0,spectrier,ghost,,100,65,60,145,80,130
898.0,calyrex,psychic,grass,100,80,80,80,80,80
899.0,wyrdeer,normal,psychic,103,105,72,105,75,65
900.0,kleavor,bug,rock,70,135,95,45,70,85
901.0,ursaluna,ground,normal,130,140,105,45,80,50
903.0,sneasler,fighting,poison,80,130,60,40,80,120
904.0,overqwil,dark,poison,85,115,95,65,65,85
906.0,sprigatito,grass,,40,61,54,45,45,65
907.0,floragato,grass,,61,80,63,60,63,83
908.0,meowscarada,grass,dark,76,110,70,81,70,123
909.0,fuecoco,fire,,67,45,59,63,40,36
910.0,crocalor,fire,,81,55,78,90,58,49
911.0,skeledirge,fire,ghost,104,75,100,110,75,66
912.0,quaxly,water,,55,65,45,50,45,50
913.0,quaxwell,water,,70,85,65,65,60,65
914.0,quaquaval,water,fighting,85,120,80,85,75,85
915.0,lechonk,normal,,54,45,40,35,45,35
917.0,tarountula,bug,,35,41,45,29,40,20
918.0,spidops,bug,,60,79,92,52,86,35
919.0,nymble,bug,,33,46,40,21,25,45
920.0,lokix,bug,dark,71,102,78,52,55,92
921.0,pawmi,electric,,45,50,20,40,25,60
922.0,pawmo,electric,fighting,60,75,40,50,40,85
923.0,pawmot,electric,fighting,70,115,70,70,60,105
924.0,tandemaus,normal,,50,50,45,40,45,75
926.0,fidough,fairy,,37,55,70,30,55,65
927.0,dachsbun,fairy,,57,80,115,50,80,95
928.0,smoliv,grass,normal,41,35,45,58,51,30
929.0,dolliv,grass,normal,52,53,60,78,78,33
930.0,arboliva,grass,normal,78,69,90,125,109,39
932.0,nacli,rock,,55,55,75,35,35,25
933.0,naclstack,rock,,60,60,100,35,65,35
934.0,garganacl,rock,,100,100,130,45,90,35
935.0,charcadet,fire,,40,50,40,50,40,35
936.0,armarouge,fire,psychic,85,60,100,125,80,75
937.0,ceruledge,fire,ghost,75,125,80,60,100,85
938.0,tadbulb,electric,,61,31,41,59,35,45
939.0,bellibolt,electric,,109,64,91,103,83,45
940.0,wattrel,electric,flying,40,40,35,55,40,70
941.0,kilowattrel,electric,flying,70,70,60,105,60,125
942.0,maschiff,dark,,60,78,60,40,51,51
943.0,mabosstiff,dark,,80,120,90,60,70,85
944.0,shroodle,poison,normal,40,65,35,40,35,75
945.0,grafaiai,poison,normal,63,95,65,80,72,110
946.0,bramblin,grass,ghost,40,65,30,45,35,60
947.0,brambleghast,grass,ghost,55,115,70,80,70,90
948.0,toedscool,ground,grass,40,40,35,50,100,70
949.0,toedscruel,ground,grass,80,70,65,80,120,100
950.0,klawf,rock,,70,100,115,35,55,75
951.0,capsakid,grass,,50,62,40,62,40,50
952.0,scovillain,grass,fire,65,108,65,108,65,75
953.0,rellor,bug,,41,50,60,31,58,30
954.0,rabsca,bug,psychic,75,50,85,115,100,45
955.0,flittle,psychic,,30,35,30,55,30,75
956.0,espathra,psychic,,95,60,60,101,60,105
957.0,tinkatink,fairy,steel,50,45,45,35,64,58
958.0,tinkatuff,fairy,steel,65,55,55,45,82,78
959.0,tinkaton,fairy,steel,85,75,77,70,105,94
960.0,wiglett,water,,10,55,25,35,25,95
961.0,wugtrio,water,,35,100,50,50,70,120
962.0,bombirdier,flying,dark,70,103,85,60,85,82
963.0,finizen,water,,70,45,40,45,40,75
965.0,varoom,steel,poison,45,70,63,30,45,47
966.0,revavroom,steel,poison,80,119,90,54,67,90
967.0,cyclizar,dragon,normal,70,95,65,85,65,121
968.0,orthworm,steel,,70,85,145,60,55,65
969.0,glimmet,rock,poison,48,35,42,105,60,60
970.0,glimmora,rock,poison,83,55,90,130,81,86
971.0,greavard,ghost,,50,61,60,30,55,34
972.0,houndstone,ghost,,72,101,100,50,97,68
973.0,flamigo,flying,fighting,82,115,74,75,64,90
974.0,cetoddle,ice,,108,68,45,30,40,43
975.0,cetitan,ice,,170,113,65,45,55,73
976.0,veluza,water,psychic,90,102,73,78,65,70
977.0,dondozo,water,,150,100,115,65,65,35
979.0,annihilape,fighting,ghost,110,115,80,50,90,90
980.0,clodsire,poison,ground,130,75,60,45,100,20
981.0,farigiraf,normal,psychic,120,90,70,110,70,60
983.0,kingambit,dark,steel,100,135,120,60,85,50
984.0,great-tusk,ground,fighting,115,131,131,53,53,87
985.0,scream-tail,fairy,psychic,115,65,99,65,115,111
986.0,brute-bonnet,grass,dark,111,127,99,79,99,55
987.0,flutter-mane,ghost,fairy,55,55,55,135,135,135
988.0,slither-wing,bug,fighting,85,135,79,85,105,81
989.0,sandy-shocks,electric,ground,85,81,97,121,85,101
990.0,iron-treads,ground,steel,90,112,120,72,70,106
991.0,iron-bundle,ice,water,56,80,114,124,60,136
992.0,iron-hands,fighting,electric,154,140,108,50,68,50
993.0,iron-jugulis,dark,flying,94,80,86,122,80,108
994.0,iron-moth,fire,poison,80,70,60,140,110,110
995.0,iron-thorns,rock,electric,100,134,110,70,84,72
996.0,frigibax,dragon,ice,65,75,45,35,45,55
997.0,arctibax,dragon,ice,90,95,66,45,65,62
998.0,baxcalibur,dragon,ice,115,145,92,75,86,87
999.0,gimmighoul,ghost,,45,30,70,75,70,10
1000.0,gholdengo,steel,ghost,87,60,95,133,91,84
1001.0,wo-chien,dark,grass,85,85,100,95,135,70
1002.0,chien-pao,dark,ice,80,120,80,90,65,135
1003.0,ting-lu,dark,ground,155,110,125,55,80,45
1004.0,chi-yu,dark,fire,55,80,80,135,120,100
1005.0,roaring-moon,dragon,dark,105,139,71,55,101,119
1006.0,iron-valiant,fairy,fighting,74,130,90,120,60,116
1007.0,koraidon,fighting,dragon,100,135,115,85,100,135
1008.0,miraidon,electric,dragon,100,85,100,135,115,135
1009.0,walking-wake,water,dragon,99,83,91,125,83,109
1010.0,iron-leaves,grass,psychic,90,130,88,70,108,104
1011.0,dipplin,grass,dragon,80,80,110,95,80,40
1012.0,poltchageist,grass,ghost,40,45,45,74,54,50
1013.0,sinistcha,grass,ghost,71,60,106,121,80,70
1014.0,okidogi,poison,fighting,88,128,115,58,86,80
1015.0,munkidori,poison,psychic,88,75,66,130,90,106
1016.0,fezandipiti,poison,fairy,88,91,82,70,125,99
1017.0,ogerpon,grass,,80,120,84,60,96,110
1018.0,archaludon,steel,dragon,90,105,130,125,65,85
1019.0,hydrapple,grass,dragon,106,80,110,120,80,44
1020.0,gouging-fire,fire,dragon,105,115,121,65,93,91
1021.0,raging-bolt,electric,dragon,125,73,91,137,89,75
1022.0,iron-boulder,rock,psychic,90,120,80,68,108,124
1023.0,iron-crown,steel,psychic,90,72,100,122,108,98
1024.0,terapagos,normal,,90,65,85,65,85,60
1025.0,pecharunt,poison,ghost,88,88,160,88,88,88
,deoxys-normal,psychic,,50,150,50,150,50,150
,wormadam-plant,bug,grass,60,59,85,79,105,36
,giratina-altered,ghost,dragon,150,100,120,100,120,90
,shaymin-land,grass,,100,100,100,100,100,100
,basculin-red-striped,water,,70,92,65,80,55,98
,darmanitan-standard,fire,,105,140,55,30,55,95
,tornadus-incarnate,flying,,79,115,70,125,80,111
,thundurus-incarnate,electric,flying,79,115,70,125,80,111
,landorus-incarnate,ground,flying,89,125,90,115,80,101
,keldeo-ordinary,water,fighting,91,72,90,129,90,108
,meloetta-aria,normal,psychic,100,77,77,128,128,90
,meowstic-male,psychic,,74,48,76,83,81,104
,aegislash-shield,steel,ghost,60,50,140,50,140,60
,pumpkaboo-average,ghost,grass,49,66,70,44,55,51
,gourgeist-average,ghost,grass,65,90,122,58,75,84
,zygarde-50,dragon,ground,108,100,121,81,95,95
,oricorio-baile,fire,flying,75,70,70,98,70,93
,lycanroc-midday,rock,,75,115,65,55,65,112
,wishiwashi-solo,water,,45,20,20,25,25,40
,minior-red-meteor,rock,flying,60,60,100,60,100,60
,mimikyu-disguised,ghost,fairy,55,90,80,50,105,96
,toxtricity-amped,electric,poison,75,98,70,114,70,75
,eiscue-ice,ice,,75,80,110,65,90,50
,indeedee-male,psychic,normal,60,65,55,105,95,95
,morpeko-full-belly,electric,dark,58,95,58,70,58,97
,urshifu-single-strike,fighting,dark,100,130,100,63,60,97
,basculegion-male,water,ghost,120,112,65,80,75,78
,enamorus-incarnate,fairy,flying,74,115,70,135,80,106
,oinkologne-male,normal,,110,100,75,59,80,65
,maushold-family-of-four,normal,,74,75,70,65,75,111
,squawkabilly-green-plumage,normal,flying,82,96,51,45,51,92
,palafin-zero,water,,100,70,72,53,62,100
,tatsugiri-curly,dragon,water,68,50,60,120,95,82
,dudunsparce-two-segment,normal,,125,100,80,85,75,55
,deoxys-attack,psychic,,50,180,20,180,20,150
,deoxys-defense,psychic,,50,70,160,70,160,90
,deoxys-speed,psychic,,50,95,90,95,90,180
,wormadam-sandy,bug,ground,60,79,105,59,85,36
,wormadam-trash,bug,steel,60,69,95,69,95,36
,shaymin-sky,grass,flying,100,103,75,120,75,127
,giratina-origin,ghost,dragon,150,120,100,120,100,90
,rotom-heat,electric,fire,50,65,107,105,107,86
,rotom-wash,electric,water,50,65,107,105,107,86
,rotom-frost,electric,ice,50,65,107,105,107,86
,rotom-fan,electric,flying,50,65,107,105,107,86
,rotom-mow,electric,grass,50,65,107,105,107,86
,castform-sunny,fire,,70,70,70,70,70,70
,castform-rainy,water,,70,70,70,70,70,70
,castform-snowy,ice,,70,70,70,70,70,70
,basculin-blue-striped,water,,70,92,65,80,55,98
,darmanitan-zen,fire,psychic,105,30,105,140,105,55
,meloetta-pirouette,normal,fighting,100,128,90,77,77,128
,tornadus-therian,flying,,79,100,80,110,90,121
,thundurus-therian,electric,flying,79,105,70,145,80,101
,landorus-therian,ground,flying,89,145,90,105,80,91
,kyurem-black,dragon,ice,125,170,100,120,90,95
,kyurem-white,dragon,ice,125,120,90,170,100,95
,keldeo-resolute,water,fighting,91,72,90,129,90,108
,meowstic-female,psychic,,74,48,76,83,81,104
,aegislash-blade,steel,ghost,60,140,50,140,50,60
,pumpkaboo-small,ghost,grass,44,66,70,44,55,56
,pumpkaboo-large,ghost,grass,54,66,70,44,55,46
,pumpkaboo-super,ghost,grass,59,66,70,44,55,41
,gourgeist-small,ghost,grass,55,85,122,58,75,99
,gourgeist-large,ghost,grass,75,95,122,58,75,69
,gourgeist-super,ghost,grass,85,100,122,58,75,54
,floette-eternal,fairy,,74,65,67,125,128,92
,kyogre-primal,water,,100,150,90,180,160,90
,groudon-primal,ground,fire,100,180,160,150,90,90
,pikachu-rock-star,electric,,35,55,40,50,50,90
,pikachu-belle,electric,,35,55,40,50,50,90
,pikachu-pop-star,electric,,35,55,40,50,50,90
,pikachu-phd,electric,,35,55,40,50,50,90
,pikachu-libre,electric,,35,55,40,50,50,90
,pikachu-cosplay,electric,,35,55,40,50,50,90
,hoopa-unbound,psychic,dark,80,160,60,170,130,80
,rattata-alola,dark,normal,30,56,35,25,35,72
,raticate-alola,dark,normal,75,71,70,40,80,77
,raticate-totem-alola,dark,normal,75,71,70,40,80,77
,pikachu-original-cap,electric,,35,55,40,50,50,90
,pikachu-hoenn-cap,electric,,35,55,40,50,50,90
,pikachu-sinnoh-cap,electric,,35,55,40,50,50,90
,pikachu-unova-cap,electric,,35,55,40,50,50,90
,pikachu-kalos-cap,electric,,35,55,40,50,50,90
,pikachu-alola-cap,electric,,35,55,40,50,50,90
,raichu-alola,electric,psychic,60,85,50,95,85,110
,sandshrew-alola,ice,steel,50,75,90,10,35,40
,sandslash-alola,ice,steel,75,100,120,25,65,65
,vulpix-alola,ice,,38,41,40,50,65,65
,ninetales-alola,ice,fairy,73,67,75,81,100,109
,diglett-alola,ground,steel,10,55,30,35,45,90
,dugtrio-alola,ground,steel,35,100,60,50,70,110
,meowth-alola,dark,,40,35,35,50,40,90
,persian-alola,dark,,65,60,60,75,65,115
,geodude-alola,rock,electric,40,80,100,30,30,20
,graveler-alola,rock,electric,55,95,115,45,45,35
,golem-alola,rock,electric,80,120,130,55,65,45
,grimer-alola,poison,dark,80,80,50,40,50,25
,muk-alola,poison,dark,105,105,75,65,100,50
,exeggutor-alola,grass,dragon,95,105,85,125,75,45
,marowak-alola,fire,ghost,60,80,110,50,80,45
,greninja-battle-bond,water,dark,72,95,67,103,71,122
,greninja-ash,water,dark,72,145,67,153,71,132
,zygarde-10-power-construct,dragon,ground,54,100,71,61,85,115
,zygarde-50-power-construct,dragon,ground,108,100,121,81,95,95
,zygarde-complete,dragon,ground,216,100,121,91,95,85
,gumshoos-totem,normal,,88,110,60,55,60,45
,vikavolt-totem,bug,electric,77,70,90,145,75,43
,oricorio-pom-pom,electric,flying,75,70,70,98,70,93
,oricorio-pau,psychic,flying,75,70,70,98,70,93
,oricorio-sensu,ghost,flying,75,70,70,98,70,93
,lycanroc-midnight,rock,,85,115,75,55,75,82
,wishiwashi-school,water,,45,140,130,140,135,30
,lurantis-totem,grass,,70,105,90,80,90,45
,salazzle-totem,poison,fire,68,64,60,111,60,117
,minior-orange-meteor,rock,flying,60,60,100,60,100,60
,minior-yellow-meteor,rock,flying,60,60,100,60,100,60
,minior-green-meteor,rock,flying,60,60,100,60,100,60
,minior-blue-meteor,rock,flying,60,60,100,60,100,60
,minior-indigo-meteor,rock,flying,60,60,100,60,100,60
,minior-violet-meteor,rock,flying,60,60,100,60,100,60
,minior-red,rock,flying,60,100,60,100,60,120
,minior-orange,rock,flying,60,100,60,100,60,120
,minior-yellow,rock,flying,60,100,60,100,60,120
,minior-green,rock,flying,60,100,60,100,60,120
,minior-blue,rock,flying,60,100,60,100,60,120
,minior-indigo,rock,flying,60,100,60,100,60,120
,minior-violet,rock,flying,60,100,60,100,60,120
,mimikyu-busted,ghost,fairy,55,90,80,50,105,96
,mimikyu-totem-disguised,ghost,fairy,55,90,80,50,105,96
,mimikyu-totem-busted,ghost,fairy,55,90,80,50,105,96
,kommo-o-totem,dragon,fighting,75,110,125,100,105,85
,magearna-original,steel,fairy,80,95,115,130,115,65
,pikachu-partner-cap,electric,,35,55,40,50,50,90
,marowak-totem,fire,ghost,60,80,110,50,80,45
,ribombee-totem,bug,fairy,60,55,60,95,70,124
,rockruff-own-tempo,rock,,45,65,40,30,40,60
,lycanroc-dusk,rock,,75,117,65,55,65,110
,araquanid-totem,water,bug,68,70,92,50,132,42
,togedemaru-totem,electric,steel,65,98,63,40,73,96
,necrozma-dusk,psychic,steel,97,157,127,113,109,77
,necrozma-dawn,psychic,ghost,97,113,109,157,127,77
,necrozma-ultra,psychic,dragon,97,167,97,167,97,129
,pikachu-starter,electric,,45,80,50,75,60,120
,eevee-starter,normal,,65,75,70,65,85,75
,pikachu-world-cap,electric,,35,55,40,50,50,90
,meowth-galar,steel,,50,65,55,40,40,40
,ponyta-galar,psychic,,50,85,55,65,65,90
,rapidash-galar,psychic,fairy,65,100,70,80,80,105
,slowpoke-galar,psychic,,90,65,65,40,40,15
,slowbro-galar,poison,psychic,95,100,95,100,70,30
,farfetchd-galar,fighting,,52,95,55,58,62,55
,weezing-galar,poison,fairy,65,90,120,85,70,60
,mr-mime-galar,ice,psychic,50,65,65,90,90,100
,articuno-galar,psychic,flying,90,85,85,125,100,95
,zapdos-galar,fighting,flying,90,125,90,85,90,100
,moltres-galar,dark,flying,90,85,90,100,125,90
,slowking-galar,poison,psychic,95,65,80,110,110,30
,corsola-galar,ghost,,60,55,100,65,100,30
,zigzagoon-galar,dark,normal,38,30,41,30,41,60
,linoone-galar,dark,normal,78,70,61,50,61,100
,darumaka-galar,ice,,70,90,45,15,45,50
,darmanitan-galar-standard,ice,,105,140,55,30,55,95
,darmanitan-galar-zen,ice,fire,105,160,55,30,55,135
,yamask-galar,ground,ghost,38,55,85,30,65,30
,stunfisk-galar,ground,steel,109,81,99,66,84,32
,zygarde-10,dragon,ground,54,100,71,61,85,115
,cramorant-gulping,flying,water,70,85,55,85,95,85
,cramorant-gorging,flying,water,70,85,55,85,95,85
,toxtricity-low-key,electric,poison,75,98,70,114,70,75
,eiscue-noice,ice,,75,80,70,65,50,130
,indeedee-female,psychic,normal,70,55,65,95,105,85
,morpeko-hangry,electric,dark,58,95,58,70,58,97
,zacian-crowned,fairy,steel,92,150,115,80,115,148
,zamazenta-crowned,fighting,steel,92,120,140,80,140,128
,eternatus-eternamax,poison,dragon,255,115,250,125,250,130
,urshifu-rapid-strike,fighting,water,100,130,100,63,60,97
,zarude-dada,dark,grass,105,120,105,70,95,105
,calyrex-ice,psychic,ice,100,165,150,85,130,50
,calyrex-shadow,psychic,ghost,100,85,80,165,100,150
,venusaur-gmax,grass,poison,80,82,83,100,100,80
,charizard-gmax,fire,flying,78,84,78,109,85,100
,blastoise-gmax,water,,79,83,100,85,105,78
,butterfree-gmax,bug,flying,60,45,50,90,80,70
,pikachu-gmax,electric,,35,55,40,50,50,90
,meowth-gmax,normal,,40,45,35,40,40,90
,machamp-gmax,fighting,,90,130,80,65,85,55
,gengar-gmax,ghost,poison,60,65,60,130,75,110
,kingler-gmax,water,,55,130,115,50,50,75
,lapras-gmax,water,ice,130,85,80,85,95,60
,eevee-gmax,normal,,55,55,50,45,65,55
,snorlax-gmax,normal,,160,110,65,65,110,30
,garbodor-gmax,poison,,80,95,82,60,82,75
,melmetal-gmax,steel,,135,143,143,80,65,34
,rillaboom-gmax,grass,,100,125,90,60,70,85
,cinderace-gmax,fire,,80,116,75,65,75,119
,inteleon-gmax,water,,70,85,65,125,65,120
,corviknight-gmax,flying,steel,98,87,105,53,85,67
,orbeetle-gmax,bug,psychic,60,45,110,80,120,90
,drednaw-gmax,water,rock,90,115,90,48,68,74
,coalossal-gmax,rock,fire,110,80,120,80,90,30
,flapple-gmax,grass,dragon,70,110,80,95,60,70
,appletun-gmax,grass,dragon,110,85,80,100,80,30
,sandaconda-gmax,ground,,72,107,125,65,70,71
,toxtricity-amped-gmax,electric,poison,75,98,70,114,70,75
,centiskorch-gmax,fire,bug,100,115,65,90,90,65
,hatterene-gmax,psychic,fairy,57,90,95,136,103,29
,grimmsnarl-gmax,dark,fairy,95,120,65,95,75,60
,alcremie-gmax,fairy,,65,60,75,110,121,64
,copperajah-gmax,steel,,122,130,69,80,69,30
,duraludon-gmax,steel,dragon,70,95,115,120,50,85
,urshifu-single-strike-gmax,fighting,dark,100,130,100,63,60,97
,urshifu-rapid-strike-gmax,fighting,water,100,130,100,63,60,97
,toxtricity-low-key-gmax,electric,poison,75,98,70,114,70,75
,growlithe-hisui,fire,rock,60,75,45,65,50,55
,arcanine-hisui,fire,rock,95,115,80,95,80,90
,voltorb-hisui,electric,grass,40,30,50,55,55,100
,electrode-hisui,electric,grass,60,50,70,80,80,150
,typhlosion-hisui,fire,ghost,73,84,78,119,85,95
,qwilfish-hisui,dark,poison,65,95,85,55,55,85
,sneasel-hisui,fighting,poison,55,95,55,35,75,115
,samurott-hisui,water,dark,90,108,80,100,65,85
,lilligant-hisui,grass,fighting,70,105,75,50,75,105
,zorua-hisui,normal,ghost,35,60,40,85,40,70
,zoroark-hisui,normal,ghost,55,100,60,125,60,110
,braviary-hisui,psychic,flying,110,83,70,112,70,65
,sliggoo-hisui,steel,dragon,58,75,83,83,113,40
,goodra-hisui,steel,dragon,80,100,100,110,150,60
,avalugg-hisui,ice,rock,95,127,184,34,36,38
,decidueye-hisui,grass,fighting,88,112,80,95,95,60
,dialga-origin,steel,dragon,100,100,120,150,120,90
,palkia-origin,water,dragon,90,100,100,150,120,120
,basculin-white-striped,water,,70,92,65,80,55,98
,basculegion-female,water,ghost,120,92,65,100,75,78
,enamorus-therian,fairy,flying,74,115,110,135,100,46
,tauros-paldea-combat-breed,fighting,,75,110,105,30,70,100
,tauros-paldea-blaze-breed,fighting,fire,75,110,105,30,70,100
,tauros-paldea-aqua-breed,fighting,water,75,110,105,30,70,100
,wooper-paldea,poison,ground,55,45,45,25,25,15
,oinkologne-female,normal,,115,90,70,59,90,65
,dudunsparce-three-segment,normal,,125,100,80,85,75,55
,palafin-hero,water,,100,160,97,106,87,100
,maushold-family-of-three,normal,,74,75,70,65,75,111
,tatsugiri-droopy,dragon,water,68,50,60,120,95,82
,tatsugiri-stretchy,dragon,water,68,50,60,120,95,82
,squawkabilly-blue-plumage,normal,flying,82,96,51,45,51,92
,squawkabilly-yellow-plumage,normal,flying,82,96,51,45,51,92
,squawkabilly-white-plumage,normal,flying,82,96,51,45,51,92
,gimmighoul-roaming,ghost,,45,30,25,75,45,80
,koraidon-limited-build,fighting,dragon,100,135,115,85,100,135
,koraidon-sprinting-build,fighting,dragon,100,135,115,85,100,135
,koraidon-swimming-build,fighting,dragon,100,135,115,85,100,135
,koraidon-gliding-build,fighting,dragon,100,135,115,85,100,135
,miraidon-low-power-mode,electric,dragon,100,85,100,135,115,135
,miraidon-drive-mode,electric,dragon,100,85,100,135,115,135
,miraidon-aquatic-mode,electric,dragon,100,85,100,135,115,135
,miraidon-glide-mode,electric,dragon,100,85,100,135,115,135
,ursaluna-bloodmoon,ground,normal,113,70,120,135,65,52
,ogerpon-wellspring-mask,grass,water,80,120,84,60,96,110
,ogerpon-hearthflame-mask,grass,fire,80,120,84,60,96,110
,ogerpon-cornerstone-mask,grass,rock,80,120,84,60,96,110
,terapagos-terastal,normal,,95,95,110,105,110,85
,terapagos-stellar,normal,,160,105,110,130,110,85
